{
  "train_size": 5512,
  "test_size": 5513,
  "results": {
    "Ridge Regression": {
      "mae": 0.005160693484129901,
      "rmse": 0.007100923918783378,
      "r2": 0.9918138601877853
    },
    "Random Forest": {
      "mae": 0.014591753703490473,
      "rmse": 0.01822971552241397,
      "r2": 0.9460477921597866
    },
    "Gradient Boosting": {
      "mae": 0.0018033495507635618,
      "rmse": 0.0024999324400853317,
      "r2": 0.9989853740093532
    }
  },
  "best_model": "Gradient Boosting",
  "step_importance": {
    "Step 1": 0.18738278087506446,
    "Step 2": 0.06692658438822709,
    "Step 3": 0.055613212883143706,
    "Step 4": 0.38499009417894736,
    "Step 5": 0.14846535176779987,
    "Step 6": 0.15608455357106948,
    "Wafer quality": 0.0005374223357479521
  }
}