{"saliency/mid_1":0.000272896297974512,"saliency/active_stage":0.00018914649554062634,"ms/std_per_inst":2.793645715713501,"saliency/utilization":0.00011754641018342226,"saliency/mid_0":0.00027574466075748206,"log_prob/min_best":-55.0100341796875,"eval/ms_std":3.452883005142212,"ms/mean":36.747666931152345,"_step":399,"gantt":{"width":1629,"height":804,"_type":"image-file","sha256":"7915c7d1ee9ffa86fdeaeca68df14830d4c0f82afab1ded952ec9a0b250407d5","size":91161,"path":"media/images/gantt_398_7915c7d1ee9ffa86fdea.png","format":"png"},"grad/global_norm":2.604855966647906,"lr":1.0000000000000002e-06,"saliency/mid_4":5.960786365903914e-05,"weight/max":2.4270655632019045,"log_prob/mean_best":-35.16501922607422,"eval/ms_mean":35.2400016784668,"saliency/mid_2":0.00013137415808159859,"loss/mb_loss":0.9906014442443848,"saliency/edge_proc_time":1.1403734998414923e-05,"saliency/recent_end":0.00018066862830892205,"eval/ms_min":27,"saliency/mid_3":0.00014378211344592273,"ms/best_per_inst":32.05999946594238,"weight/mean":1.688636803627014,"weight/std":0.31911865472793577,"saliency/iv_count":0.0003493654658086598,"saliency/mid_5":8.343326044268906e-05,"ms/range_per_inst":11.007999992370605,"_runtime":27847.1464471,"_timestamp":1.7785294252297957e+09,"_wandb":{"runtime":27847},"time/epoch_sec":69.41565084457397}