{
  "train_size": 5512,
  "test_size": 5513,
  "results": {
    "Ridge Regression": {
      "mae": 0.003266132738380654,
      "rmse": 0.004507560220213245,
      "r2": 0.9935843849697035
    },
    "Random Forest": {
      "mae": 0.010140445902556305,
      "rmse": 0.012701943063902777,
      "r2": 0.949055706416502
    },
    "Gradient Boosting": {
      "mae": 0.0014819051604550277,
      "rmse": 0.0021479799840044256,
      "r2": 0.9985431471723547
    }
  },
  "best_model": "Gradient Boosting",
  "step_importance": {
    "Step 1": 0.21730510927090224,
    "Step 2": 0.1616220498875868,
    "Step 3": 0.16644097180432196,
    "Step 4": 0.24803026704283668,
    "Step 5": 0.07106192770727077,
    "Step 6": 0.13478917246577757,
    "Wafer quality": 0.0007505018213039951
  }
}