{"saliency/mid_3":0.001772262284066528,"time/epoch_sec":25.40576958656311,"weight/max":2.33698570728302,"ms/best_per_inst":40.44000091552734,"_timestamp":1.7784994759068148e+09,"log_prob/mean_best":-93.28243026733398,"gantt":{"height":804,"_type":"image-file","sha256":"858f67a6df552b50662567712dce5f040994c3ec95e33b00c5dc52e9ee6e633b","size":99926,"path":"media/images/gantt_78_858f67a6df552b506625.png","format":"png","width":1789},"saliency/mid_1":0.0022808096371591093,"weight/mean":1.8555665016174316,"eval/ms_mean":45.41999816894531,"ms/mean":47.2508358001709,"saliency/mid_0":0.002023502963129431,"eval/ms_std":3.860517978668213,"_step":99,"saliency/edge_proc_time":0.00011825697436279665,"saliency/mid_4":0.0019245828851126134,"ms/range_per_inst":15.140000343322754,"_wandb":{"runtime":2625},"_runtime":2625.2241133,"saliency/iv_count":0.0045988007448613645,"saliency/recent_end":0.002538026892580092,"lr":1.0000000000000002e-06,"log_prob/min_best":-105.1627426147461,"loss/mb_loss":2.8888580322265627,"saliency/active_stage":0.004582028370350599,"saliency/utilization":0.001335807121358812,"eval/ms_min":38,"saliency/mid_2":0.0008152597525622696,"weight/std":0.3560985177755356,"grad/global_norm":5.923875027228689,"saliency/mid_5":0.0007815358345396817,"ms/std_per_inst":3.668205499649048}