{
  "train_size": 4725,
  "test_size": 4725,
  "results": {
    "Ridge Regression": {
      "mae": 0.004377433505481382,
      "rmse": 0.006093923452515087,
      "r2": 0.9927423176257185
    },
    "Random Forest": {
      "mae": 0.01404644468054709,
      "rmse": 0.017315576005020428,
      "r2": 0.9414026663879664
    },
    "Gradient Boosting": {
      "mae": 0.0018912583245950614,
      "rmse": 0.002704773755717716,
      "r2": 0.9985702310668944
    }
  },
  "best_model": "Gradient Boosting",
  "step_importance": {
    "Step 1": 0.17367218633697343,
    "Step 2": 0.053138557483210204,
    "Step 3": 0.21471986498217938,
    "Step 4": 0.29963397125498703,
    "Step 5": 0.19483236175097401,
    "Step 6": 0.0630010770769768,
    "Wafer quality": 0.0010019811146992435
  }
}