{"r/mean":0.7301772475242615,"saliency/active_stage":0.00030401345575228336,"_runtime":25450.1121844,"saliency/idle":3.495307682896964e-05,"eval/d_ms":62.10000228881836,"saliency/wafer_quality":0.000301699381088838,"saliency/proc_time":1.4174141597322888e-06,"eval/q_at_lam1":0.9670265316963196,"ms/best_per_inst":62.36799850463867,"loss/mb_loss":1.8736314296722412,"saliency/lambda":0.0003623923403210938,"saliency/quality_zscore":3.2430231840407943e-06,"log_prob/mean_best":-122.66146850585938,"saliency/iv_count":4.4074521429138255e-05,"r/std_per_inst":0.02055378444492817,"log_prob/min_best":-163.46796569824218,"saliency/est":2.146640758837748e-06,"lr":1.0000000000000002e-06,"r_corr/lambda_vs_q":0.9501331567764282,"time/epoch_sec":261.0956165790558,"saliency/eft":2.161055044780369e-06,"r_corr/lambda_vs_ms":0.9284483671188355,"q/best_per_inst":0.9527893900871277,"q/range_per_inst":0.013253528065979481,"weight/mean":1.3181296348571778,"q/mean":0.9468780994415283,"ms/std_per_inst":5.06048994064331,"q/std_per_inst":0.0034265019465237858,"ms/range_per_inst":19.311999320983887,"eval/hv_mean":3.054532051086426,"weight/std":0.4889160394668579,"eval/pareto":{"size":42837,"path":"media/images/eval/pareto_99_e412aed22423bdf0678a.png","format":"png","width":700,"height":500,"_type":"image-file","sha256":"e412aed22423bdf0678a1217a36394a535e7e4e58c269472080fb25176093d01"},"saliency/recent_end":0.00016932131838984788,"ms/mean":72.0486686706543,"eval/ms_at_lam0":47.70000076293945,"grad/global_norm":2.255747890472412,"eval/hv_std":0.21575158834457397,"saliency/utilization":3.850999055430293e-05,"weight/max":2.448329210281372,"saliency/stage_id":3.1697926533524876e-05,"_timestamp":1.7787940802803304e+09,"weight/zero_frac":0,"_wandb":{"runtime":25450},"_step":100,"eval/nd_count":8.2,"eval/d_q":0.036941707134246826}