{"gantt":{"path":"media/images/gantt_0_34643396c293d98a86f2.png","format":"png","width":1669,"height":1668,"_type":"image-file","sha256":"34643396c293d98a86f212094f3271991617b9c813888efd90e0b8c930718fd9","size":124901},"log_prob/mean_best":-140.7328643798828,"saliency/active_stage":0.0030141209717839956,"grad/global_norm":0.6980101466178894,"ms/mean":46.34000015258789,"_timestamp":1.7786397895892854e+09,"saliency/utilization":4.109990186407231e-05,"_runtime":6.9345056,"time/epoch_sec":4.052083253860474,"weight/std":0.336920827627182,"weight/mean":1.5983736515045166,"saliency/iv_count":6.1018763517495245e-05,"saliency/eft":2.994720034621423e-06,"log_prob/min_best":-156.570068359375,"saliency/idle":4.9152040446642786e-05,"eval/ms_std":3.464101552963257,"saliency/est":2.8008366825815756e-06,"ms/best_per_inst":40.70000076293945,"_wandb":{"runtime":6},"lr":0.0001,"loss/mb_loss":4.689605712890625,"ms/std_per_inst":3.6665608882904053,"weight/max":2.3083744049072266,"eval/ms_min":47,"ms/range_per_inst":12.079999923706055,"_step":0,"eval/ms_mean":52.5,"saliency/stage_id":3.228713103453629e-05,"saliency/wafer_quality":0.0009595886222086847,"saliency/recent_end":0.002365242689847946,"saliency/proc_time":1.5348862234532135e-06}