{"saliency/proc_time":5.244058229436632e-06,"eval/ms_mean":50.1875,"_wandb":{"runtime":9},"gantt":{"format":"png","width":1629,"height":1668,"_type":"image-file","sha256":"a963cfd03b3b36803701184fec7db89fb53ad591f79a775fb45aed28cda4c0ee","size":123169,"path":"media/images/gantt_0_a963cfd03b3b36803701.png"},"eval/ms_min":45,"_runtime":9.9839766,"saliency/recent_end":0.024963289499282837,"ms/best_per_inst":41.619998931884766,"log_prob/min_best":-148.43392944335938,"loss/mb_loss":4.6626739501953125,"eval/ms_std":3.00455379486084,"log_prob/mean_best":-135.62562561035156,"saliency/stage_id":2.9249436920508742e-05,"saliency/active_stage":0.006130896508693695,"weight/max":2.6063098907470703,"lr":0.0001,"_step":0,"ms/range_per_inst":14.019999504089355,"saliency/utilization":7.575201743748039e-05,"saliency/eft":3.5746575122175273e-06,"saliency/idle":9.747506555868313e-05,"saliency/iv_count":4.096793054486625e-05,"ms/mean":48.02166748046875,"weight/mean":1.6509827375411987,"weight/std":0.3445024788379669,"ms/std_per_inst":4.246211051940918,"_timestamp":1.77863812103949e+09,"time/epoch_sec":7.152716398239136,"saliency/est":7.254885531438049e-06,"grad/global_norm":1.783339262008667}