{
  "train_size": 5512,
  "test_size": 5513,
  "results": {
    "Ridge Regression": {
      "mae": 0.0021701683774747317,
      "rmse": 0.0025186598005745566,
      "r2": 0.9820277641215557
    },
    "Random Forest": {
      "mae": 0.004517190614066791,
      "rmse": 0.0055744149631214955,
      "r2": 0.9119637209807657
    },
    "Gradient Boosting": {
      "mae": 0.0007206997756314391,
      "rmse": 0.000944359285469189,
      "r2": 0.9974733935615898
    }
  },
  "best_model": "Gradient Boosting",
  "step_importance": {
    "Step 1": 0.10644510745328184,
    "Step 2": 0.2933577619879444,
    "Step 3": 0.15560460620638716,
    "Step 4": 0.1946621113510308,
    "Step 5": 0.10619383859329053,
    "Step 6": 0.12216103590458177,
    "Wafer quality": 0.02157553850348351
  }
}