{
  "train_size": 5512,
  "test_size": 5513,
  "results": {
    "Ridge Regression": {
      "mae": 0.002364875469168577,
      "rmse": 0.0031185010706057037,
      "r2": 0.996264599034958
    },
    "Random Forest": {
      "mae": 0.012394052791084565,
      "rmse": 0.015435349501847198,
      "r2": 0.9084879325774516
    },
    "Gradient Boosting": {
      "mae": 0.001598827420269192,
      "rmse": 0.0022002127319368193,
      "r2": 0.9981405916425861
    }
  },
  "best_model": "Gradient Boosting",
  "step_importance": {
    "Step 1": 0.2533509763602024,
    "Step 2": 0.09018140498727092,
    "Step 3": 0.1642379797000585,
    "Step 4": 0.210075082032075,
    "Step 5": 0.05453250769045311,
    "Step 6": 0.22556489878879407,
    "Wafer quality": 0.0020571504411461498
  }
}