{
  "train_size": 5512,
  "test_size": 5513,
  "results": {
    "Ridge Regression": {
      "mae": 0.005211095937812479,
      "rmse": 0.007332871870230294,
      "r2": 0.9906080334250539
    },
    "Random Forest": {
      "mae": 0.016806674633460708,
      "rmse": 0.020630008961528785,
      "r2": 0.9256626323008289
    },
    "Gradient Boosting": {
      "mae": 0.0021044547629970427,
      "rmse": 0.002877916798425805,
      "r2": 0.9985533455287193
    }
  },
  "best_model": "Gradient Boosting",
  "step_importance": {
    "Step 1": 0.10674161254481068,
    "Step 2": 0.29257437916370926,
    "Step 3": 0.15300368792343033,
    "Step 4": 0.20236345346800297,
    "Step 5": 0.11594567246814838,
    "Step 6": 0.12854353400973975,
    "Wafer quality": 0.0008276604221586068
  }
}