{"saliency/est":5.581133154919371e-06,"weight/max":2.3855167508125303,"_wandb":{"runtime":29442},"ms/std_per_inst":1.824013876914978,"loss/mb_loss":0.567519587278366,"eval/ms_min":24,"saliency/idle":0.00019684212093125099,"eval/ms_mean":29.139999389648438,"saliency/proc_time":8.605317657384148e-06,"weight/std":0.34159317910671233,"saliency/active_stage":0.0002646359564096201,"saliency/eft":3.953172529236326e-06,"time/epoch_sec":293.8544399738312,"gantt":{"sha256":"f6e9ef01465144fc8f9555ba85053f351cb20f4c4402d2fc3c5739a85541d4a7","size":89470,"path":"media/images/gantt_98_f6e9ef01465144fc8f95.png","format":"png","width":1069,"height":804,"_type":"image-file"},"_step":99,"saliency/recent_end":0.00039653278072364627,"lr":1.0000000000000002e-06,"_timestamp":1.7786049092589645e+09,"log_prob/mean_best":-22.004042625427246,"saliency/iv_count":0.00016634033381706103,"ms/mean":29.5465838432312,"eval/ms_std":2.3410255908966064,"log_prob/min_best":-36.088500308990476,"grad/global_norm":1.2837657779455185,"ms/best_per_inst":26.79999942779541,"saliency/utilization":0.00010457837270223535,"_runtime":29442.8745313,"weight/mean":1.5483029365539551,"ms/range_per_inst":7.298999834060669,"saliency/stage_id":0.00021935298063908705}