{
  "train_size": 5512,
  "test_size": 5513,
  "results": {
    "Ridge Regression": {
      "mae": 0.0020031877368441946,
      "rmse": 0.0025158356975923317,
      "r2": 0.9964902421196078
    },
    "Random Forest": {
      "mae": 0.007788690930481586,
      "rmse": 0.009747634761594147,
      "r2": 0.9473120739629984
    },
    "Gradient Boosting": {
      "mae": 0.0012149803940798426,
      "rmse": 0.0017000333905350282,
      "r2": 0.9983973912463375
    }
  },
  "best_model": "Gradient Boosting",
  "step_importance": {
    "Step 1": 0.2097622129404476,
    "Step 2": 0.16395966503755274,
    "Step 3": 0.16726289342617137,
    "Step 4": 0.24801762439005084,
    "Step 5": 0.07403549637855475,
    "Step 6": 0.134610982467471,
    "Wafer quality": 0.002351125359751471
  }
}