{
  "train_size": 5512,
  "test_size": 5513,
  "results": {
    "Ridge Regression": {
      "mae": 0.002175074874423732,
      "rmse": 0.0025226916380604483,
      "r2": 0.9779988912944211
    },
    "Random Forest": {
      "mae": 0.003727929404340624,
      "rmse": 0.00468206866141869,
      "r2": 0.9242135109536391
    },
    "Gradient Boosting": {
      "mae": 0.0006802527088535898,
      "rmse": 0.0009013196424915343,
      "r2": 0.9971915033959453
    }
  },
  "best_model": "Gradient Boosting",
  "step_importance": {
    "Step 1": 0.07898112690744967,
    "Step 2": 0.047839808093984554,
    "Step 3": 0.28530238159182136,
    "Step 4": 0.014382405562429002,
    "Step 5": 0.29165188248311413,
    "Step 6": 0.254786476312228,
    "Wafer quality": 0.027055919048973
  }
}