{
  "train_size": 5512,
  "test_size": 5513,
  "results": {
    "Ridge Regression": {
      "mae": 0.00430667899392145,
      "rmse": 0.005895132306318608,
      "r2": 0.9928314597552512
    },
    "Random Forest": {
      "mae": 0.014080334118968184,
      "rmse": 0.017776451405992124,
      "r2": 0.9348170885609732
    },
    "Gradient Boosting": {
      "mae": 0.001964909847762331,
      "rmse": 0.0027642739420099503,
      "r2": 0.998423820138726
    }
  },
  "best_model": "Gradient Boosting",
  "step_importance": {
    "Step 1": 0.08946827117195774,
    "Step 2": 0.044697833959967945,
    "Step 3": 0.29909035882333984,
    "Step 4": 0.016009353693275507,
    "Step 5": 0.2898915765925818,
    "Step 6": 0.2602098255673561,
    "Wafer quality": 0.0006327801915210055
  }
}