{"saliency/idle":9.775012586032972e-05,"ms/range_per_inst":14.019999504089355,"saliency/active_stage":0.006473151966929436,"weight/max":2.653750419616699,"_timestamp":1.7786378479163904e+09,"saliency/recent_end":0.025146683678030968,"_runtime":10.077518,"loss/mb_loss":4.683341979980469,"eval/ms_mean":51.875,"log_prob/min_best":-148.1611328125,"lr":0.0001,"_wandb":{"runtime":10},"weight/std":0.35704848170280457,"ms/best_per_inst":40.619998931884766,"grad/global_norm":1.907670021057129,"saliency/proc_time":5.2890209190081805e-06,"saliency/est":7.308884960366413e-06,"ms/std_per_inst":4.246211051940918,"eval/ms_std":3.3330729007720947,"ms/mean":47.02166748046875,"log_prob/mean_best":-136.40838623046875,"saliency/stage_id":2.8772730729542673e-05,"_step":0,"time/epoch_sec":7.1787004470825195,"eval/ms_min":46,"gantt":{"height":1668,"_type":"image-file","sha256":"a963cfd03b3b36803701184fec7db89fb53ad591f79a775fb45aed28cda4c0ee","size":123169,"path":"media/images/gantt_0_a963cfd03b3b36803701.png","format":"png","width":1629},"saliency/eft":3.6001742955704685e-06,"saliency/utilization":7.580598321510479e-05,"saliency/iv_count":4.0993541915668175e-05,"weight/mean":1.6491249799728394}