{
  "train_size": 5512,
  "test_size": 5513,
  "results": {
    "Ridge Regression": {
      "mae": 0.0022457452241144292,
      "rmse": 0.0025829113127490795,
      "r2": 0.9794995369217845
    },
    "Random Forest": {
      "mae": 0.0038414697648635524,
      "rmse": 0.00477473897029752,
      "r2": 0.9299442235606307
    },
    "Gradient Boosting": {
      "mae": 0.0006120028502255157,
      "rmse": 0.0008213525917203739,
      "r2": 0.9979269778324509
    }
  },
  "best_model": "Gradient Boosting",
  "step_importance": {
    "Step 1": 0.1906018970167763,
    "Step 2": 0.0644631997607452,
    "Step 3": 0.05801387979493398,
    "Step 4": 0.3662431872496745,
    "Step 5": 0.14774409548997733,
    "Step 6": 0.14881755369858518,
    "Wafer quality": 0.024116186989307235
  }
}