{
  "train_size": 5512,
  "test_size": 5513,
  "results": {
    "Ridge Regression": {
      "mae": 0.0025866740144552492,
      "rmse": 0.003368537689352426,
      "r2": 0.9963520354590731
    },
    "Random Forest": {
      "mae": 0.01048376758835833,
      "rmse": 0.013086348409888867,
      "r2": 0.9449439887591131
    },
    "Gradient Boosting": {
      "mae": 0.0013621167575199732,
      "rmse": 0.001870689774213824,
      "r2": 0.9988749512771462
    }
  },
  "best_model": "Gradient Boosting",
  "step_importance": {
    "Step 1": 0.19138233910824223,
    "Step 2": 0.06593137994690944,
    "Step 3": 0.05761032500405275,
    "Step 4": 0.3798683990789904,
    "Step 5": 0.14998133854079737,
    "Step 6": 0.15361045512959584,
    "Wafer quality": 0.0016157631914117106
  }
}