{
  "train_size": 5512,
  "test_size": 5513,
  "results": {
    "Ridge Regression": {
      "mae": 0.00440072717202202,
      "rmse": 0.006222039502514636,
      "r2": 0.9917760274810288
    },
    "Random Forest": {
      "mae": 0.016623985617709867,
      "rmse": 0.020826148860470253,
      "r2": 0.9078630017953396
    },
    "Gradient Boosting": {
      "mae": 0.0019945626532590437,
      "rmse": 0.002825768147230906,
      "r2": 0.9983037526856741
    }
  },
  "best_model": "Gradient Boosting",
  "step_importance": {
    "Step 1": 0.2550269837812057,
    "Step 2": 0.0961087609561617,
    "Step 3": 0.16021606156038848,
    "Step 4": 0.2034583348089643,
    "Step 5": 0.05636159583275084,
    "Step 6": 0.22812241819241305,
    "Wafer quality": 0.0007058448681159326
  }
}