{
  "train_size": 5512,
  "test_size": 5513,
  "results": {
    "Ridge Regression": {
      "mae": 0.004949636179733694,
      "rmse": 0.006990038637912029,
      "r2": 0.9915938282450907
    },
    "Random Forest": {
      "mae": 0.015517217977955175,
      "rmse": 0.01924008318064935,
      "r2": 0.936312676589539
    },
    "Gradient Boosting": {
      "mae": 0.0021776042847504442,
      "rmse": 0.0030369431876739374,
      "r2": 0.9984132356235729
    }
  },
  "best_model": "Gradient Boosting",
  "step_importance": {
    "Step 1": 0.15009655089662474,
    "Step 2": 0.04627789969361417,
    "Step 3": 0.17538249650832294,
    "Step 4": 0.2572938541791944,
    "Step 5": 0.16901721068247588,
    "Step 6": 0.20129200945144396,
    "Wafer quality": 0.0006399785883239243
  }
}