{
  "train_size": 5512,
  "test_size": 5513,
  "results": {
    "Ridge Regression": {
      "mae": 0.0023996192587041987,
      "rmse": 0.00310114516894905,
      "r2": 0.9964254906187641
    },
    "Random Forest": {
      "mae": 0.010856093935970926,
      "rmse": 0.013457875333548943,
      "r2": 0.9326829230475344
    },
    "Gradient Boosting": {
      "mae": 0.0015389221596102383,
      "rmse": 0.0020967944224182604,
      "r2": 0.9983658799701204
    }
  },
  "best_model": "Gradient Boosting",
  "step_importance": {
    "Step 1": 0.16857419303526108,
    "Step 2": 0.05199243049124694,
    "Step 3": 0.2047175344707232,
    "Step 4": 0.29582747036062357,
    "Step 5": 0.1941718872034798,
    "Step 6": 0.08254377800775092,
    "Wafer quality": 0.0021727064309144104
  }
}