{
  "train_size": 5512,
  "test_size": 5513,
  "results": {
    "Ridge Regression": {
      "mae": 0.002138403023004526,
      "rmse": 0.0024864298826339165,
      "r2": 0.9804665654147008
    },
    "Random Forest": {
      "mae": 0.0041639192256248975,
      "rmse": 0.005227428362590293,
      "r2": 0.9136619254671201
    },
    "Gradient Boosting": {
      "mae": 0.0007050221246590211,
      "rmse": 0.0009293361276491138,
      "r2": 0.9972711992843323
    }
  },
  "best_model": "Gradient Boosting",
  "step_importance": {
    "Step 1": 0.17360742742027396,
    "Step 2": 0.29947806702954344,
    "Step 3": 0.26846301050121446,
    "Step 4": 0.047770533068455315,
    "Step 5": 0.0590022036332151,
    "Step 6": 0.12715606291562026,
    "Wafer quality": 0.024522695431677576
  }
}