{
  "train_size": 5512,
  "test_size": 5513,
  "results": {
    "Ridge Regression": {
      "mae": 0.0018933077627804494,
      "rmse": 0.002345195340636424,
      "r2": 0.9966709540734875
    },
    "Random Forest": {
      "mae": 0.008133755616318301,
      "rmse": 0.010154755271153084,
      "r2": 0.9375833200528643
    },
    "Gradient Boosting": {
      "mae": 0.001154520017082722,
      "rmse": 0.0015550520864518209,
      "r2": 0.9985363015199641
    }
  },
  "best_model": "Gradient Boosting",
  "step_importance": {
    "Step 1": 0.4302146508213757,
    "Step 2": 0.20020709147835566,
    "Step 3": 0.16358731758531556,
    "Step 4": 0.04376331670928937,
    "Step 5": 0.06908278706279619,
    "Step 6": 0.09047855847250008,
    "Wafer quality": 0.002666277870367145
  }
}