{
  "train_size": 5512,
  "test_size": 5513,
  "results": {
    "Ridge Regression": {
      "mae": 0.002149403929258453,
      "rmse": 0.0024770736362091147,
      "r2": 0.9685205462573281
    },
    "Random Forest": {
      "mae": 0.0031874226988976213,
      "rmse": 0.003960332650349362,
      "r2": 0.9195339494244743
    },
    "Gradient Boosting": {
      "mae": 0.0005275690573092132,
      "rmse": 0.0006975965113179323,
      "r2": 0.9975033483353348
    }
  },
  "best_model": "Gradient Boosting",
  "step_importance": {
    "Step 1": 0.4138046656799755,
    "Step 2": 0.19857776131532492,
    "Step 3": 0.1555944647092529,
    "Step 4": 0.041959855487279055,
    "Step 5": 0.06303648853778314,
    "Step 6": 0.0867398852018513,
    "Wafer quality": 0.040286879068533184
  }
}