{
  "train_size": 5512,
  "test_size": 5513,
  "results": {
    "Ridge Regression": {
      "mae": 0.004425134648183765,
      "rmse": 0.006252201413911132,
      "r2": 0.9927527679985028
    },
    "Random Forest": {
      "mae": 0.014690885707432454,
      "rmse": 0.01828384503984979,
      "r2": 0.9380214648610091
    },
    "Gradient Boosting": {
      "mae": 0.001850111386150405,
      "rmse": 0.0025536572789462892,
      "r2": 0.9987909856214042
    }
  },
  "best_model": "Gradient Boosting",
  "step_importance": {
    "Step 1": 0.17768944855349658,
    "Step 2": 0.055216755783374,
    "Step 3": 0.20089494759852025,
    "Step 4": 0.29169462046315026,
    "Step 5": 0.19426187069839795,
    "Step 6": 0.07961918880565036,
    "Wafer quality": 0.0006231680974106101
  }
}