{
  "train_size": 5512,
  "test_size": 5513,
  "results": {
    "Ridge Regression": {
      "mae": 0.004469186498753651,
      "rmse": 0.006261113747247567,
      "r2": 0.9926440650926251
    },
    "Random Forest": {
      "mae": 0.014927675795569898,
      "rmse": 0.018491432331169642,
      "r2": 0.9358383099379126
    },
    "Gradient Boosting": {
      "mae": 0.0020343945087397384,
      "rmse": 0.002777426910433958,
      "r2": 0.9985524953483402
    }
  },
  "best_model": "Gradient Boosting",
  "step_importance": {
    "Step 1": 0.17316914981916506,
    "Step 2": 0.052576690472137914,
    "Step 3": 0.20014808926059516,
    "Step 4": 0.29707320823480193,
    "Step 5": 0.1969419194657917,
    "Step 6": 0.07927375875180043,
    "Wafer quality": 0.0008171839957078598
  }
}