{
  "train_size": 5512,
  "test_size": 5513,
  "results": {
    "Ridge Regression": {
      "mae": 0.002177163769066195,
      "rmse": 0.002745822988578608,
      "r2": 0.996668535481137
    },
    "Random Forest": {
      "mae": 0.009782732635023507,
      "rmse": 0.01242088385751036,
      "r2": 0.9318297132759644
    },
    "Gradient Boosting": {
      "mae": 0.0012322508431796297,
      "rmse": 0.001692942553461928,
      "r2": 0.9987335893276251
    }
  },
  "best_model": "Gradient Boosting",
  "step_importance": {
    "Step 1": 0.26115143180169637,
    "Step 2": 0.033414400685077554,
    "Step 3": 0.24165200320884284,
    "Step 4": 0.0032650178449678898,
    "Step 5": 0.15792220801283752,
    "Step 6": 0.300152956384964,
    "Wafer quality": 0.0024419820616135885
  }
}