{"ms/best_per_inst":43.8879997253418,"loss/mb_loss":2.945981740951538,"gantt":{"_type":"image-file","sha256":"b268f75738b9bbc896363bcd6c79cc1cdc8bef826fb6f35f4605e52f87f789dd","size":162064,"path":"media/images/gantt_48_b268f75738b9bbc89636.png","format":"png","width":1909,"height":1668},"eval/nd_count":2.8,"saliency/lambda":0.0001486072869738564,"ms/mean":47.493500518798825,"r/std_per_inst":0.05993014127016068,"_timestamp":1.7787009306830204e+09,"saliency/stage_id":3.851400033454411e-05,"lr":1.0000000000000002e-06,"_runtime":24121.3293412,"q/range_per_inst":0.015882357954978943,"saliency/proc_time":9.256155408365885e-07,"_wandb":{"runtime":24121},"eval/q_at_lam1":0.9155367016792297,"saliency/eft":1.216948817273078e-06,"log_prob/min_best":-170.15807495117187,"q/mean":0.9145492315292358,"norm/q_range":0.04350638389587402,"ms/std_per_inst":1.9174909353256226,"weight/std":0.3684552192687988,"norm/m_max":90,"norm/q_min":0.8927715420722961,"saliency/recent_end":0.0005112446611747146,"saliency/utilization":2.0669586592703127e-05,"norm/m_min":38,"saliency/iv_count":4.563890033750795e-05,"weight/mean":1.8809438467025756,"eval/hv_std":0.1072298139333725,"log_prob/mean_best":-140.95909729003907,"r_corr/lambda_vs_q":-0.06525327563285828,"q/best_per_inst":0.9224140882492066,"saliency/wafer_quality":0.00010214705835096539,"saliency/est":9.222751486959169e-07,"time/epoch_sec":237.6550121307373,"eval/pareto":{"height":500,"_type":"image-file","sha256":"c99c52f671d25e904a379a6dafb2fdaa454503b56761546ac477b1280aeaef4e","size":30243,"path":"media/images/eval/pareto_98_c99c52f671d25e904a37.png","format":"png","width":700},"eval/ms_at_lam0":47.099998474121094,"r/mean":0.6400276064872742,"norm/q_max":0.9362779259681702,"saliency/idle":7.892590510891751e-05,"ms/range_per_inst":7.491999912261963,"grad/global_norm":0.947529649734497,"q/std_per_inst":0.00411744937300682,"weight/zero_frac":0,"saliency/quality_softmax":9.075418574866489e-07,"saliency/active_stage":0.0004856567829847336,"norm/m_range":52,"eval/hv_mean":0.8495039939880371,"weight/max":2.992090082168579,"_step":99}