{
  "train_size": 5512,
  "test_size": 5513,
  "results": {
    "Ridge Regression": {
      "mae": 0.002575262365456165,
      "rmse": 0.0034427753854457486,
      "r2": 0.9962232294979152
    },
    "Random Forest": {
      "mae": 0.012410011643230195,
      "rmse": 0.015217743763042703,
      "r2": 0.9262089396164896
    },
    "Gradient Boosting": {
      "mae": 0.0015929867612488459,
      "rmse": 0.0021474191828510284,
      "r2": 0.9985306106980606
    }
  },
  "best_model": "Gradient Boosting",
  "step_importance": {
    "Step 1": 0.10777652609182323,
    "Step 2": 0.29483572786665246,
    "Step 3": 0.15615094021930337,
    "Step 4": 0.2004651939420875,
    "Step 5": 0.11189626880140705,
    "Step 6": 0.1271817548742654,
    "Wafer quality": 0.0016935882044610167
  }
}