{
  "train_size": 5512,
  "test_size": 5513,
  "results": {
    "Ridge Regression": {
      "mae": 0.0028671449058918614,
      "rmse": 0.003864959287382436,
      "r2": 0.9948160264717507
    },
    "Random Forest": {
      "mae": 0.01069270453319638,
      "rmse": 0.013371647176355863,
      "r2": 0.9379498628554674
    },
    "Gradient Boosting": {
      "mae": 0.001460159877478585,
      "rmse": 0.0020091091320292593,
      "r2": 0.9985991875806939
    }
  },
  "best_model": "Gradient Boosting",
  "step_importance": {
    "Step 1": 0.42893749959079275,
    "Step 2": 0.19664139410076623,
    "Step 3": 0.16593464193807608,
    "Step 4": 0.04371993388374361,
    "Step 5": 0.0737736813384771,
    "Step 6": 0.09003410029876581,
    "Wafer quality": 0.0009587488493782837
  }
}