{"eval/q_at_lam1":0.9358797073364258,"loss/mb_loss":2.8643436431884766,"eval/d_ms":230.10000610351562,"eval/pareto":{"path":"media/images/eval/pareto_99_fb45a5b3f7f738e4d097.png","format":"png","width":700,"height":500,"_type":"image-file","sha256":"fb45a5b3f7f738e4d097e4b698418c7eb7a13eb1e2a5fe545ef778342ff7588e","size":58013},"q/range_per_inst":0.026150474790483713,"ms/std_per_inst":64.23304843902588,"saliency/proc_time":6.07979284694693e-08,"_wandb":{"runtime":60165},"saliency/est":4.11710594505621e-08,"r_corr/lambda_vs_ms":0.7457562386989594,"grad/global_norm":0.8283970355987549,"q/mean":0.9224839061498642,"saliency/stage_id_s5":7.67227686537808e-06,"saliency/active_stage_s4":2.4812561150611145e-05,"q/std_per_inst":0.006881133420392871,"eval/nd_count":6.8,"_timestamp":1.779001624434027e+09,"saliency/active_stage_s1":2.0354916159703862e-05,"saliency/stage_id_s4":7.0950109147815965e-06,"saliency/active_stage_done":2.1002947050874354e-05,"saliency/lambda":3.476402252999833e-05,"weight/mean":1.3770531713962555,"time/epoch_sec":590.336746931076,"_step":100,"eval/hv_mean":8.454638481140137,"saliency/quality_zscore":5.505110411974101e-08,"saliency/stage_id_s2":7.481375519091671e-06,"saliency/eft":5.3861324289528056e-08,"r_corr/lambda_vs_q":0.6773534864187241,"eval/ms_at_lam0":251.60000610351562,"r/std_per_inst":0.08695074543356895,"saliency/idle":6.731938924531278e-06,"weight/zero_frac":0,"_runtime":60165.3562871,"log_prob/mean_best":-312.906005859375,"saliency/stage_id_s1":9.392479796588304e-06,"saliency/active_stage_s0":1.5600754522893112e-05,"lr":1.0000000000000002e-06,"saliency/active_stage_s5":1.8848172203433933e-05,"weight/max":2.3623830676078796,"eval/hv_std":3.675278425216675,"saliency/wafer_quality":1.7708771792968037e-05,"ms/range_per_inst":230.12890625,"saliency/stage_id_s3":6.454597496485803e-06,"r/mean":0.48079194873571396,"weight/std":0.31535156071186066,"q/best_per_inst":0.9343328028917313,"saliency/stage_id_s0":7.694968303439964e-06,"saliency/active_stage_s3":1.3992672393214889e-05,"ms/best_per_inst":212.52734375,"ms/mean":314.8274841308594,"eval/d_q":0.018086612224578857,"log_prob/min_best":-392.9998092651367,"saliency/active_stage_s2":1.971886467799777e-05}