{
  "train_size": 5512,
  "test_size": 5513,
  "results": {
    "Ridge Regression": {
      "mae": 0.0024027846772878827,
      "rmse": 0.0031713508975780495,
      "r2": 0.9963164778867953
    },
    "Random Forest": {
      "mae": 0.011236120009808689,
      "rmse": 0.014119632147856838,
      "r2": 0.9269834261333626
    },
    "Gradient Boosting": {
      "mae": 0.0016203051210817365,
      "rmse": 0.002200659200897409,
      "r2": 0.998226299575771
    }
  },
  "best_model": "Gradient Boosting",
  "step_importance": {
    "Step 1": 0.17481387809456567,
    "Step 2": 0.31091876206516617,
    "Step 3": 0.27096524393670113,
    "Step 4": 0.050101305306854166,
    "Step 5": 0.06114880530464396,
    "Step 6": 0.13021233717889086,
    "Wafer quality": 0.0018396681131782606
  }
}