{
  "train_size": 5512,
  "test_size": 5513,
  "results": {
    "Ridge Regression": {
      "mae": 0.0021606531204085857,
      "rmse": 0.00250528624472299,
      "r2": 0.9787184798839792
    },
    "Random Forest": {
      "mae": 0.0044707247745510124,
      "rmse": 0.0055630070917608715,
      "r2": 0.8950681897467333
    },
    "Gradient Boosting": {
      "mae": 0.000688819883178686,
      "rmse": 0.0009225815591340966,
      "r2": 0.9971139923552764
    }
  },
  "best_model": "Gradient Boosting",
  "step_importance": {
    "Step 1": 0.24474595566113083,
    "Step 2": 0.08333317163395021,
    "Step 3": 0.16454919387719208,
    "Step 4": 0.21127014027800484,
    "Step 5": 0.05154126518523522,
    "Step 6": 0.21809986268692058,
    "Wafer quality": 0.026460410677566486
  }
}