{
  "train_size": 5512,
  "test_size": 5513,
  "results": {
    "Ridge Regression": {
      "mae": 0.003773152948492815,
      "rmse": 0.00517090552636839,
      "r2": 0.9941491452242867
    },
    "Random Forest": {
      "mae": 0.013669869404799495,
      "rmse": 0.017428095436648736,
      "r2": 0.9335360770805
    },
    "Gradient Boosting": {
      "mae": 0.0015880041866392614,
      "rmse": 0.00224554299396807,
      "r2": 0.9988966104627315
    }
  },
  "best_model": "Gradient Boosting",
  "step_importance": {
    "Step 1": 0.2611847444313147,
    "Step 2": 0.03369714044745896,
    "Step 3": 0.24158327364224474,
    "Step 4": 0.0029521899385838843,
    "Step 5": 0.1611579392248246,
    "Step 6": 0.2985784063940684,
    "Wafer quality": 0.0008463059215050107
  }
}