{"ms/std_per_inst":3.628369092941284,"grad/global_norm":0.9791784882545471,"saliency/eft":3.1031802336656256e-06,"weight/mean":1.616697072982788,"eval/ms_mean":50.5,"ms/mean":46.52333450317383,"saliency/utilization":4.147641811869107e-05,"_runtime":7.0116184,"saliency/active_stage":0.0030193075072020292,"_timestamp":1.778640121278742e+09,"_wandb":{"runtime":7},"_step":0,"gantt":{"_type":"image-file","sha256":"0772ceebcd66b606d38b670bdca97c3edf91b62def4469c0e7b9677891e15d60","size":136487,"path":"media/images/gantt_0_0772ceebcd66b606d38b.png","format":"png","width":1549,"height":1668},"lr":0.0001,"saliency/idle":5.106764365336858e-05,"eval/ms_std":5.099019527435303,"loss/mb_loss":4.738089561462402,"saliency/iv_count":6.101261169533245e-05,"time/epoch_sec":4.154717445373535,"weight/max":2.3658766746520996,"saliency/stage_id":3.3202857594005764e-05,"saliency/recent_end":0.0025388305075466633,"saliency/wafer_quality":0.0010530650615692139,"ms/best_per_inst":40.959999084472656,"log_prob/mean_best":-140.53517150878906,"eval/ms_min":41,"ms/range_per_inst":11.880000114440918,"saliency/est":2.8330960049061105e-06,"log_prob/min_best":-155.9710693359375,"saliency/proc_time":1.6080647355920519e-06,"weight/std":0.3009933531284332}