{"saliency/proc_time":8.32154363195059e-08,"ms/best_per_inst":273.890625,"grad/global_norm":1.5000749826431274,"eval/d_q":0.10719478130340576,"saliency/stage_id_s0":8.749519338380196e-06,"eval/q_at_lam1":0.7420477867126465,"eval/nd_count":8.2,"saliency/stage_id_s2":8.737557891436154e-06,"q/std_per_inst":0.04279320081695914,"eval/ms_at_lam0":233.10000610351562,"log_prob/min_best":-412.8371887207031,"saliency/quality_zscore":1.6290804438767736e-07,"saliency/stage_id_s3":8.887331318874203e-06,"eval/pareto":{"width":700,"height":500,"_type":"image-file","sha256":"4fa3e9df8e10ad9e64ae633c785d435668e7a14394e637fb245906caa6426699","size":52539,"path":"media/images/eval/pareto_499_4fa3e9df8e10ad9e64ae.png","format":"png"},"saliency/active_stage_s4":3.622942676884122e-05,"_step":500,"eval/hv_mean":56.989654541015625,"q/best_per_inst":0.7134585380554199,"r/std_per_inst":0.11444310285151005,"log_prob/mean_best":-349.08929443359375,"saliency/stage_id_s1":7.0731878167862305e-06,"saliency/idle":2.620445911816205e-05,"ms/std_per_inst":53.81684875488281,"lr":1.0000000000000002e-06,"eval/d_ms":187.79998779296875,"q/mean":0.6455980837345123,"r_corr/lambda_vs_q":0.7955529689788818,"saliency/wafer_quality":3.6213360999681754e-05,"saliency/eft":9.918288235155615e-08,"q/range_per_inst":0.1508455090224743,"_wandb":{"runtime":102751},"saliency/stage_id_s4":1.0278997478962992e-05,"loss/mb_loss":3.3921797275543213,"saliency/active_stage_s0":3.424557598918909e-05,"saliency/active_stage_s5":4.331263880885672e-05,"saliency/stage_id_s5":7.91522984400217e-06,"saliency/lambda":0.00020936513465130702,"weight/mean":1.4507728517055511,"weight/std":0.24739142879843712,"ms/mean":359.7897262573242,"saliency/active_stage_s2":5.421872265287675e-05,"time/epoch_sec":182.9413514137268,"eval/hv_std":19.251583099365234,"ms/range_per_inst":189.53125,"weight/max":1.9690476953983307,"saliency/active_stage_s3":4.0592738514533266e-05,"r/mean":0.5320817977190018,"_runtime":102751.6152659,"saliency/active_stage_done":4.438686755747767e-05,"_timestamp":1.779111352469795e+09,"r_corr/lambda_vs_ms":0.8196063190698624,"weight/zero_frac":0,"saliency/active_stage_s1":3.2194658160733525e-05,"saliency/est":9.779831877665401e-08}