{
  "train_size": 5512,
  "test_size": 5513,
  "results": {
    "Ridge Regression": {
      "mae": 0.0022008003627020456,
      "rmse": 0.002542109166334523,
      "r2": 0.9825155035421113
    },
    "Random Forest": {
      "mae": 0.004763658784945835,
      "rmse": 0.005932509067810194,
      "r2": 0.9047770662591037
    },
    "Gradient Boosting": {
      "mae": 0.0007337445364660929,
      "rmse": 0.001003623188687215,
      "r2": 0.9972747514927495
    }
  },
  "best_model": "Gradient Boosting",
  "step_importance": {
    "Step 1": 0.1904762658548133,
    "Step 2": 0.05296450916815315,
    "Step 3": 0.11463197445130119,
    "Step 4": 0.20130059462469366,
    "Step 5": 0.210965230374614,
    "Step 6": 0.2086386092963852,
    "Wafer quality": 0.021022816230039564
  }
}