{
  "train_size": 5512,
  "test_size": 5513,
  "results": {
    "Ridge Regression": {
      "mae": 0.004637003341806061,
      "rmse": 0.006423868460703879,
      "r2": 0.9914483262642085
    },
    "Random Forest": {
      "mae": 0.014841920390129408,
      "rmse": 0.018748533638722233,
      "r2": 0.9271562228611867
    },
    "Gradient Boosting": {
      "mae": 0.0021366593716728374,
      "rmse": 0.002971654134580703,
      "r2": 0.9981699861907823
    }
  },
  "best_model": "Gradient Boosting",
  "step_importance": {
    "Step 1": 0.17089299921764128,
    "Step 2": 0.3154608028545836,
    "Step 3": 0.2684252703138385,
    "Step 4": 0.05106309857518355,
    "Step 5": 0.06261367324378558,
    "Step 6": 0.13088268152160262,
    "Wafer quality": 0.0006614742733649982
  }
}