{
  "train_size": 5512,
  "test_size": 5513,
  "results": {
    "Ridge Regression": {
      "mae": 0.002164473954190214,
      "rmse": 0.0025017227082554383,
      "r2": 0.9705036678385555
    },
    "Random Forest": {
      "mae": 0.0031257595174789352,
      "rmse": 0.0039029151986088974,
      "r2": 0.9282093469061262
    },
    "Gradient Boosting": {
      "mae": 0.0005789316308370617,
      "rmse": 0.0007894016287433377,
      "r2": 0.9970631233244552
    }
  },
  "best_model": "Gradient Boosting",
  "step_importance": {
    "Step 1": 0.1961771457972587,
    "Step 2": 0.1603287695648096,
    "Step 3": 0.16190410677513856,
    "Step 4": 0.24206793523522438,
    "Step 5": 0.07389553059303268,
    "Step 6": 0.13015820578044576,
    "Wafer quality": 0.03546830625409024
  }
}