{
  "train_size": 5512,
  "test_size": 5513,
  "results": {
    "Ridge Regression": {
      "mae": 0.00577608367205548,
      "rmse": 0.008052346625565747,
      "r2": 0.9902203905620711
    },
    "Random Forest": {
      "mae": 0.018517059756664685,
      "rmse": 0.023360883770281084,
      "r2": 0.9176895217132447
    },
    "Gradient Boosting": {
      "mae": 0.0023850066099986543,
      "rmse": 0.003513853613682298,
      "r2": 0.9981377245509271
    }
  },
  "best_model": "Gradient Boosting",
  "step_importance": {
    "Step 1": 0.19068149317992572,
    "Step 2": 0.05118478715918611,
    "Step 3": 0.12699510240079043,
    "Step 4": 0.20665333739663286,
    "Step 5": 0.21430997229886242,
    "Step 6": 0.2094166332498688,
    "Wafer quality": 0.0007586743147335508
  }
}