{
  "train_size": 5512,
  "test_size": 5513,
  "results": {
    "Ridge Regression": {
      "mae": 0.0021895727392364146,
      "rmse": 0.0025346642887807596,
      "r2": 0.9724418731971233
    },
    "Random Forest": {
      "mae": 0.0036201726401062085,
      "rmse": 0.00455284867137029,
      "r2": 0.9110849590634427
    },
    "Gradient Boosting": {
      "mae": 0.0005610994956924267,
      "rmse": 0.0007501756348639879,
      "r2": 0.9975860142003794
    }
  },
  "best_model": "Gradient Boosting",
  "step_importance": {
    "Step 1": 0.2536576744414497,
    "Step 2": 0.032335468418854485,
    "Step 3": 0.23538301556925126,
    "Step 4": 0.0031888415827871315,
    "Step 5": 0.14904921564887977,
    "Step 6": 0.2904749013893388,
    "Wafer quality": 0.03591088294943889
  }
}