{
  "train_size": 5512,
  "test_size": 5513,
  "results": {
    "Ridge Regression": {
      "mae": 0.00233770912808246,
      "rmse": 0.00300045336423624,
      "r2": 0.9965530065912717
    },
    "Random Forest": {
      "mae": 0.010323578062399244,
      "rmse": 0.012961988297947763,
      "r2": 0.9356705347714379
    },
    "Gradient Boosting": {
      "mae": 0.0015395933770634017,
      "rmse": 0.0020624287929534363,
      "r2": 0.998371361799135
    }
  },
  "best_model": "Gradient Boosting",
  "step_importance": {
    "Step 1": 0.0850100897759083,
    "Step 2": 0.04630063704537242,
    "Step 3": 0.29531247592221854,
    "Step 4": 0.015487653027241012,
    "Step 5": 0.29515131751173684,
    "Step 6": 0.26094786893429384,
    "Wafer quality": 0.0017899577832290157
  }
}