{
  "train_size": 5512,
  "test_size": 5513,
  "results": {
    "Ridge Regression": {
      "mae": 0.0021973173717634124,
      "rmse": 0.0025477016783307417,
      "r2": 0.9769167283800987
    },
    "Random Forest": {
      "mae": 0.003935037920019144,
      "rmse": 0.004890832802877135,
      "r2": 0.9149320732775682
    },
    "Gradient Boosting": {
      "mae": 0.0006801270441090776,
      "rmse": 0.0009115573415540874,
      "r2": 0.9970449270813027
    }
  },
  "best_model": "Gradient Boosting",
  "step_importance": {
    "Step 1": 0.16058362093177878,
    "Step 2": 0.050399506638952554,
    "Step 3": 0.20344180951706498,
    "Step 4": 0.28638770874866476,
    "Step 5": 0.18576897908892231,
    "Step 6": 0.08339655901710355,
    "Wafer quality": 0.030021816057513053
  }
}