{"lr":0.0001,"_timestamp":1.7786392690724268e+09,"weight/max":2.3768959045410156,"time/epoch_sec":4.230290412902832,"eval/ms_std":3.3330729007720947,"ms/range_per_inst":13.420000076293945,"log_prob/min_best":-162.4649658203125,"ms/mean":47.17000198364258,"saliency/est":7.038942385406699e-06,"saliency/recent_end":0.009871505200862885,"log_prob/mean_best":-151.41607666015625,"weight/mean":1.523240327835083,"gantt":{"height":1668,"_type":"image-file","sha256":"a801eb11ad0fc3bf496ebcbdea51e0727b9b8ee61d1a2276fbc1a73160bc4dad","size":124244,"path":"media/images/gantt_0_a801eb11ad0fc3bf496e.png","format":"png","width":1629},"ms/best_per_inst":41.05999755859375,"loss/mb_loss":4.803958892822266,"saliency/eft":5.191502623347333e-06,"grad/global_norm":1.5499948263168335,"saliency/active_stage":0.012934811413288116,"_step":0,"eval/ms_min":41,"saliency/idle":3.86602696380578e-05,"eval/ms_mean":46.625,"saliency/stage_id":2.448822488076985e-05,"saliency/utilization":0.00010162444959860295,"ms/std_per_inst":4.0281596183776855,"weight/std":0.313273549079895,"saliency/proc_time":3.8572879930143245e-06,"_wandb":{"runtime":7},"_runtime":7.0788332,"saliency/iv_count":5.0560920499265194e-05}