{"loss/mb_loss":0.838308584690094,"weight/mean":1.6834824800491333,"saliency/edge_proc_time":5.167160494086905e-06,"weight/max":2.473375988006592,"gantt":{"height":804,"_type":"image-file","sha256":"f4c16287430cb1260ed2295535078b8c6d66e65c9d8945f27aaca61efc108009","size":90347,"path":"media/images/gantt_98_f4c16287430cb1260ed2.png","format":"png","width":1109},"eval/ms_std":2.523568868637085,"saliency/idle":0.0002785178599879146,"ms/best_per_inst":28.503999328613283,"log_prob/mean_best":-29.945422744750978,"eval/ms_mean":31.540000915527344,"ms/range_per_inst":8.359999847412109,"saliency/utilization":9.67970525380224e-05,"time/epoch_sec":72.87526416778564,"log_prob/min_best":-49.132859802246095,"saliency/iv_count":0.00023411605216097086,"_timestamp":1.778573118216116e+09,"ms/std_per_inst":2.1379879474639893,"ms/mean":32.072167587280276,"lr":1.0000000000000002e-06,"_runtime":7400.7686643,"saliency/active_stage":0.000285171449650079,"eval/ms_min":25,"_wandb":{"runtime":7400},"grad/global_norm":1.5753489017486573,"saliency/stage_id":0.00014847681450191885,"_step":99,"weight/std":0.31915139555931094,"saliency/recent_end":0.0005042670702096075}