{
  "train_size": 5512,
  "test_size": 5513,
  "results": {
    "Ridge Regression": {
      "mae": 0.0027636295842109683,
      "rmse": 0.003703056155737988,
      "r2": 0.9960254426273921
    },
    "Random Forest": {
      "mae": 0.01349897151782901,
      "rmse": 0.016877629684159904,
      "r2": 0.9174359322195987
    },
    "Gradient Boosting": {
      "mae": 0.0017413544086649553,
      "rmse": 0.002532967983763594,
      "r2": 0.9981403655834106
    }
  },
  "best_model": "Gradient Boosting",
  "step_importance": {
    "Step 1": 0.19310150154145467,
    "Step 2": 0.05245975685026274,
    "Step 3": 0.12212428421154678,
    "Step 4": 0.20584885060752042,
    "Step 5": 0.21394530635210182,
    "Step 6": 0.21095038410396422,
    "Wafer quality": 0.0015699163331493297
  }
}